{
	"usd-bgn": 1.74611,
	"usd-eur": 0.89689
}
